{
  "EAM": {
    "0": {
      "r_e": 2.488746e-01,
      "f_e": 2.007018e+00,
      "rho_e": 2.7562015e+01,
      "rho_n": 2.342771275e+01,
      "rho_zero": 3.169631725e+01,
      "rho_s": 2.793041e+01,
      "alpha": 8.383453e+00,
      "betta": 4.471175e+00,
      "A": 4.29046e-01,
      "B": 6.33531e-01,
      "kappa": 4.43599e-01,
      "lambda": 8.20658e-01,
      "omega_n": [
        -2.693513e+00,
        -7.6445e-02,
        2.41442e-01,
        -2.375626e+00
      ],
      "omega_e": [
        -2.7e+00,
        0,
        2.6539e-01,
        -1.52856e-01
      ],
      "omega_s": -2.699486e+00,
      "etta": 4.69e-01,
      "r_cut": 0.5,
      "name": "nickel"
    },
    "1": {
      "r_e": 2.556162e-01,
      "f_e": 1.554485e+00,
      "rho_e": 2.1175871e+01,
      "rho_n": 1.799949035e+01,
      "rho_zero": 2.435225165e+01,
      "rho_s": 2.1175395e+01,
      "alpha": 8.12762e+00,
      "betta": 4.334731e+00,
      "kappa": 3.08782e-01,
      "lambda": 7.56515e-01,
      "A": 3.9662e-01,
      "B": 5.48085e-01,
      "omega_n": [
        -2.170269e+00,
        -2.63788e-01,
        1.088878e+00,
        -8.17603e-01
      ],
      "omega_e": [
        -2.19e+00,
        0,
        5.6183e-01,
        -2.100595e+00
      ],
      "omega_s": -2.186568e+00,
      "etta": 3.1049e-01,
      "r_cut": 0.5,
      "name": "cuprum"
    }
  },
  "LJ": {
    "0": {
      "epsilon": 0.996e+00,
      "sigma": 0.3405e+00,
      "r_cut": 2.5,
      "name": "argon"
    },
    "1": {
      "epsilon": 0.296e+00,
      "sigma": 0.2782e+00,
      "r_cut": 2.5,
      "name": "neon"
    },
    "2": {
      "epsilon": 0.1359e+01,
      "sigma": 0.3640e+00,
      "r_cut": 2.5,
      "name": "krypton"
    },
    "3": {
      "epsilon": 0.19e+01,
      "sigma": 0.41e+00,
      "r_cut": 2.5,
      "name": "xeon"
    }
  }
}